1001;Genesis;1;mp3;
1002;Genesis;2;mp3;
1003;Genesis;3;mp3;
1004;Genesis;4;mp3;
1005;Genesis;5;mp3;
1006;Genesis;6;mp3;
1007;Genesis;7;mp3;
1008;Genesis;8;mp3;
1009;Genesis;9;mp3;
1010;Genesis;10;mp3;
1011;Genesis;11;mp3;
1012;Genesis;12;mp3;
1013;Genesis;13;mp3;
1014;Genesis;14;mp3;
1015;Genesis;15;mp3;
1016;Genesis;16;mp3;
1017;Genesis;17;mp3;
1018;Genesis;18;mp3;
1019;Genesis;19;mp3;
1020;Genesis;20;mp3;
1021;Genesis;21;mp3;
1022;Genesis;22;mp3;
1023;Genesis;23;mp3;
1024;Genesis;24;mp3;
1025;Genesis;25;mp3;
1026;Genesis;26;mp3;
1027;Genesis;27;mp3;
1028;Genesis;28;mp3;
1029;Genesis;29;mp3;
1030;Genesis;30;mp3;
1031;Genesis;31;mp3;
1032;Genesis;32;mp3;
1033;Genesis;33;mp3;
1034;Genesis;34;mp3;
1035;Genesis;35;mp3;
1036;Genesis;36;mp3;
1037;Genesis;37;mp3;
1038;Genesis;38;mp3;
1039;Genesis;39;mp3;
1040;Genesis;40;mp3;
1041;Genesis;41;mp3;
1042;Genesis;42;mp3;
1043;Genesis;43;mp3;
1044;Genesis;44;mp3;
1045;Genesis;45;mp3;
1046;Genesis;46;mp3;
1047;Genesis;47;mp3;
1048;Genesis;48;mp3;
1049;Genesis;49;mp3;
1050;Genesis;50;mp3;
2001;Exodo;1;mp3;
2002;Exodo;2;mp3;
2003;Exodo;3;mp3;
2004;Exodo;4;mp3;
2005;Exodo;5;mp3;
2006;Exodo;6;mp3;
2007;Exodo;7;mp3;
2008;Exodo;8;mp3;
2009;Exodo;9;mp3;
2010;Exodo;10;mp3;
2011;Exodo;11;mp3;
2012;Exodo;12;mp3;
2013;Exodo;13;mp3;
2014;Exodo;14;mp3;
2015;Exodo;15;mp3;
2016;Exodo;16;mp3;
2017;Exodo;17;mp3;
2018;Exodo;18;mp3;
2019;Exodo;19;mp3;
2020;Exodo;20;mp3;
2021;Exodo;21;mp3;
2022;Exodo;22;mp3;
2023;Exodo;23;mp3;
2024;Exodo;24;mp3;
2025;Exodo;25;mp3;
2026;Exodo;26;mp3;
2027;Exodo;27;mp3;
2028;Exodo;28;mp3;
2029;Exodo;29;mp3;
2030;Exodo;30;mp3;
2031;Exodo;31;mp3;
2032;Exodo;32;mp3;
2033;Exodo;33;mp3;
2034;Exodo;34;mp3;
2035;Exodo;35;mp3;
2036;Exodo;36;mp3;
2037;Exodo;37;mp3;
2038;Exodo;38;mp3;
2039;Exodo;39;mp3;
2040;Exodo;40;mp3;
3001;Levitico;1;mp3;
3002;Levitico;2;mp3;
3003;Levitico;3;mp3;
3004;Levitico;4;mp3;
3005;Levitico;5;mp3;
3006;Levitico;6;mp3;
3007;Levitico;7;mp3;
3008;Levitico;8;mp3;
3009;Levitico;9;mp3;
3010;Levitico;10;mp3;
3011;Levitico;11;mp3;
3012;Levitico;12;mp3;
3013;Levitico;13;mp3;
3014;Levitico;14;mp3;
3015;Levitico;15;mp3;
3016;Levitico;16;mp3;
3017;Levitico;17;mp3;
3018;Levitico;18;mp3;
3019;Levitico;19;mp3;
3020;Levitico;20;mp3;
3021;Levitico;21;mp3;
3022;Levitico;22;mp3;
3023;Levitico;23;mp3;
3024;Levitico;24;mp3;
3025;Levitico;25;mp3;
3026;Levitico;26;mp3;
3027;Levitico;27;mp3;
4001;Numeros;1;mp3;
4002;Numeros;2;mp3;
4003;Numeros;3;mp3;
4004;Numeros;4;mp3;
4005;Numeros;5;mp3;
4006;Numeros;6;mp3;
4007;Numeros;7;mp3;
4008;Numeros;8;mp3;
4009;Numeros;9;mp3;
4010;Numeros;10;mp3;
4011;Numeros;11;mp3;
4012;Numeros;12;mp3;
4013;Numeros;13;mp3;
4014;Numeros;14;mp3;
4015;Numeros;15;mp3;
4016;Numeros;16;mp3;
4017;Numeros;17;mp3;
4018;Numeros;18;mp3;
4019;Numeros;19;mp3;
4020;Numeros;20;mp3;
4021;Numeros;21;mp3;
4022;Numeros;22;mp3;
4023;Numeros;23;mp3;
4024;Numeros;24;mp3;
4025;Numeros;25;mp3;
4026;Numeros;26;mp3;
4027;Numeros;27;mp3;
4028;Numeros;28;mp3;
4029;Numeros;29;mp3;
4030;Numeros;30;mp3;
4031;Numeros;31;mp3;
4032;Numeros;32;mp3;
4033;Numeros;33;mp3;
4034;Numeros;34;mp3;
4035;Numeros;35;mp3;
4036;Numeros;36;mp3;
5001;Deuteronomio;1;mp3;
5002;Deuteronomio;2;mp3;
5003;Deuteronomio;3;mp3;
5004;Deuteronomio;4;mp3;
5005;Deuteronomio;5;mp3;
5006;Deuteronomio;6;mp3;
5007;Deuteronomio;7;mp3;
5008;Deuteronomio;8;mp3;
5009;Deuteronomio;9;mp3;
5010;Deuteronomio;10;mp3;
5011;Deuteronomio;11;mp3;
5012;Deuteronomio;12;mp3;
5013;Deuteronomio;13;mp3;
5014;Deuteronomio;14;mp3;
5015;Deuteronomio;15;mp3;
5016;Deuteronomio;16;mp3;
5017;Deuteronomio;17;mp3;
5018;Deuteronomio;18;mp3;
5019;Deuteronomio;19;mp3;
5020;Deuteronomio;20;mp3;
5021;Deuteronomio;21;mp3;
5022;Deuteronomio;22;mp3;
5023;Deuteronomio;23;mp3;
5024;Deuteronomio;24;mp3;
5025;Deuteronomio;25;mp3;
5026;Deuteronomio;26;mp3;
5027;Deuteronomio;27;mp3;
5028;Deuteronomio;28;mp3;
5029;Deuteronomio;29;mp3;
5030;Deuteronomio;30;mp3;
5031;Deuteronomio;31;mp3;
5032;Deuteronomio;32;mp3;
5033;Deuteronomio;33;mp3;
5034;Deuteronomio;34;mp3;
6001;Josue;1;mp3;
6002;Josue;2;mp3;
6003;Josue;3;mp3;
6004;Josue;4;mp3;
6005;Josue;5;mp3;
6006;Josue;6;mp3;
6007;Josue;7;mp3;
6008;Josue;8;mp3;
6009;Josue;9;mp3;
6010;Josue;10;mp3;
6011;Josue;11;mp3;
6012;Josue;12;mp3;
6013;Josue;13;mp3;
6014;Josue;14;mp3;
6015;Josue;15;mp3;
6016;Josue;16;mp3;
6017;Josue;17;mp3;
6018;Josue;18;mp3;
6019;Josue;19;mp3;
6020;Josue;20;mp3;
6021;Josue;21;mp3;
6022;Josue;22;mp3;
6023;Josue;23;mp3;
6024;Josue;24;mp3;
7001;Jueces;1;mp3;
7002;Jueces;2;mp3;
7003;Jueces;3;mp3;
7004;Jueces;4;mp3;
7005;Jueces;5;mp3;
7006;Jueces;6;mp3;
7007;Jueces;7;mp3;
7008;Jueces;8;mp3;
7009;Jueces;9;mp3;
7010;Jueces;10;mp3;
7011;Jueces;11;mp3;
7012;Jueces;12;mp3;
7013;Jueces;13;mp3;
7014;Jueces;14;mp3;
7015;Jueces;15;mp3;
7016;Jueces;16;mp3;
7017;Jueces;17;mp3;
7018;Jueces;18;mp3;
7019;Jueces;19;mp3;
7020;Jueces;20;mp3;
7021;Jueces;21;mp3;
8001;Rut;1;mp3;
8002;Rut;2;mp3;
8003;Rut;3;mp3;
8004;Rut;4;mp3;
9001;1;Samuel;1;mp3
9002;1;Samuel;2;mp3
9003;1;Samuel;3;mp3
9004;1;Samuel;4;mp3
9005;1;Samuel;5;mp3
9006;1;Samuel;6;mp3
9007;1;Samuel;7;mp3
9008;1;Samuel;8;mp3
9009;1;Samuel;9;mp3
9010;1;Samuel;10;mp3
9011;1;Samuel;11;mp3
9012;1;Samuel;12;mp3
9013;1;Samuel;13;mp3
9014;1;Samuel;14;mp3
9015;1;Samuel;15;mp3
9016;1;Samuel;16;mp3
9017;1;Samuel;17;mp3
9018;1;Samuel;18;mp3
9019;1;Samuel;19;mp3
9020;1;Samuel;20;mp3
9021;1;Samuel;21;mp3
9022;1;Samuel;22;mp3
9023;1;Samuel;23;mp3
9024;1;Samuel;24;mp3
9025;1;Samuel;25;mp3
9026;1;Samuel;26;mp3
9027;1;Samuel;27;mp3
9028;1;Samuel;28;mp3
9029;1;Samuel;29;mp3
9030;1;Samuel;30;mp3
9031;1;Samuel;31;mp3
10001;2;Samuel;1;mp3
10002;2;Samuel;2;mp3
10003;2;Samuel;3;mp3
10004;2;Samuel;4;mp3
10005;2;Samuel;5;mp3
10006;2;Samuel;6;mp3
10007;2;Samuel;7;mp3
10008;2;Samuel;8;mp3
10009;2;Samuel;9;mp3
10010;2;Samuel;10;mp3
10011;2;Samuel;11;mp3
10012;2;Samuel;12;mp3
10013;2;Samuel;13;mp3
10014;2;Samuel;14;mp3
10015;2;Samuel;15;mp3
10016;2;Samuel;16;mp3
10017;2;Samuel;17;mp3
10018;2;Samuel;18;mp3
10019;2;Samuel;19;mp3
10020;2;Samuel;20;mp3
10021;2;Samuel;21;mp3
10022;2;Samuel;22;mp3
10023;2;Samuel;23;mp3
10024;2;Samuel;24;mp3
11001;1;Reyes;1;mp3
11002;1;Reyes;2;mp3
11003;1;Reyes;3;mp3
11004;1;Reyes;4;mp3
11005;1;Reyes;5;mp3
11006;1;Reyes;6;mp3
11007;1;Reyes;7;mp3
11008;1;Reyes;8;mp3
11009;1;Reyes;9;mp3
11010;1;Reyes;10;mp3
11011;1;Reyes;11;mp3
11012;1;Reyes;12;mp3
11013;1;Reyes;13;mp3
11014;1;Reyes;14;mp3
11015;1;Reyes;15;mp3
11016;1;Reyes;16;mp3
11017;1;Reyes;17;mp3
11018;1;Reyes;18;mp3
11019;1;Reyes;19;mp3
11020;1;Reyes;20;mp3
11021;1;Reyes;21;mp3
11022;1;Reyes;22;mp3
12001;2;Reyes;1;mp3
12002;2;Reyes;2;mp3
12003;2;Reyes;3;mp3
12004;2;Reyes;4;mp3
12005;2;Reyes;5;mp3
12006;2;Reyes;6;mp3
12007;2;Reyes;7;mp3
12008;2;Reyes;8;mp3
12009;2;Reyes;9;mp3
12010;2;Reyes;10;mp3
12011;2;Reyes;11;mp3
12012;2;Reyes;12;mp3
12013;2;Reyes;13;mp3
12014;2;Reyes;14;mp3
12015;2;Reyes;15;mp3
12016;2;Reyes;16;mp3
12017;2;Reyes;17;mp3
12018;2;Reyes;18;mp3
12019;2;Reyes;19;mp3
12020;2;Reyes;20;mp3
12021;2;Reyes;21;mp3
12022;2;Reyes;22;mp3
12023;2;Reyes;23;mp3
12024;2;Reyes;24;mp3
12025;2;Reyes;25;mp3
13001;1;Cronicas;1;mp3
13002;1;Cronicas;2;mp3
13003;1;Cronicas;3;mp3
13004;1;Cronicas;4;mp3
13005;1;Cronicas;5;mp3
13006;1;Cronicas;6;mp3
13007;1;Cronicas;7;mp3
13008;1;Cronicas;8;mp3
13009;1;Cronicas;9;mp3
13010;1;Cronicas;10;mp3
13011;1;Cronicas;11;mp3
13012;1;Cronicas;12;mp3
13013;1;Cronicas;13;mp3
13014;1;Cronicas;14;mp3
13015;1;Cronicas;15;mp3
13016;1;Cronicas;16;mp3
13017;1;Cronicas;17;mp3
13018;1;Cronicas;18;mp3
13019;1;Cronicas;19;mp3
13020;1;Cronicas;20;mp3
13021;1;Cronicas;21;mp3
13022;1;Cronicas;22;mp3
13023;1;Cronicas;23;mp3
13024;1;Cronicas;24;mp3
13025;1;Cronicas;25;mp3
13026;1;Cronicas;26;mp3
13027;1;Cronicas;27;mp3
13028;1;Cronicas;28;mp3
13029;1;Cronicas;29;mp3
14001;2;Cronicas;1;mp3
14002;2;Cronicas;2;mp3
14003;2;Cronicas;3;mp3
14004;2;Cronicas;4;mp3
14005;2;Cronicas;5;mp3
14006;2;Cronicas;6;mp3
14007;2;Cronicas;7;mp3
14008;2;Cronicas;8;mp3
14009;2;Cronicas;9;mp3
14010;2;Cronicas;10;mp3
14011;2;Cronicas;11;mp3
14012;2;Cronicas;12;mp3
14013;2;Cronicas;13;mp3
14014;2;Cronicas;14;mp3
14015;2;Cronicas;15;mp3
14016;2;Cronicas;16;mp3
14017;2;Cronicas;17;mp3
14018;2;Cronicas;18;mp3
14019;2;Cronicas;19;mp3
14020;2;Cronicas;20;mp3
14021;2;Cronicas;21;mp3
14022;2;Cronicas;22;mp3
14023;2;Cronicas;23;mp3
14024;2;Cronicas;24;mp3
14025;2;Cronicas;25;mp3
14026;2;Cronicas;26;mp3
14027;2;Cronicas;27;mp3
14028;2;Cronicas;28;mp3
14029;2;Cronicas;29;mp3
14030;2;Cronicas;30;mp3
14031;2;Cronicas;31;mp3
14032;2;Cronicas;32;mp3
14033;2;Cronicas;33;mp3
14034;2;Cronicas;34;mp3
14035;2;Cronicas;35;mp3
14036;2;Cronicas;36;mp3
15001;Esdras;1;mp3;
15002;Esdras;2;mp3;
15003;Esdras;3;mp3;
15004;Esdras;4;mp3;
15005;Esdras;5;mp3;
15006;Esdras;6;mp3;
15007;Esdras;7;mp3;
15008;Esdras;8;mp3;
15009;Esdras;9;mp3;
15010;Esdras;10;mp3;
16001;Nehemias;1;mp3;
16002;Nehemias;2;mp3;
16003;Nehemias;3;mp3;
16004;Nehemias;4;mp3;
16005;Nehemias;5;mp3;
16006;Nehemias;6;mp3;
16007;Nehemias;7;mp3;
16008;Nehemias;8;mp3;
16009;Nehemias;9;mp3;
16010;Nehemias;10;mp3;
16011;Nehemias;11;mp3;
16012;Nehemias;12;mp3;
16013;Nehemias;13;mp3;
17001;Ester;1;mp3;
17002;Ester;2;mp3;
17003;Ester;3;mp3;
17004;Ester;4;mp3;
17005;Ester;5;mp3;
17006;Ester;6;mp3;
17007;Ester;7;mp3;
17008;Ester;8;mp3;
17009;Ester;9;mp3;
17010;Ester;10;mp3;
18001;Job;1;mp3;
18002;Job;2;mp3;
18003;Job;3;mp3;
18004;Job;4;mp3;
18005;Job;5;mp3;
18006;Job;6;mp3;
18007;Job;7;mp3;
18008;Job;8;mp3;
18009;Job;9;mp3;
18010;Job;10;mp3;
18011;Job;11;mp3;
18012;Job;12;mp3;
18013;Job;13;mp3;
18014;Job;14;mp3;
18015;Job;15;mp3;
18016;Job;16;mp3;
18017;Job;17;mp3;
18018;Job;18;mp3;
18019;Job;19;mp3;
18020;Job;20;mp3;
18021;Job;21;mp3;
18022;Job;22;mp3;
18023;Job;23;mp3;
18024;Job;24;mp3;
18025;Job;25;mp3;
18026;Job;26;mp3;
18027;Job;27;mp3;
18028;Job;28;mp3;
18029;Job;29;mp3;
18030;Job;30;mp3;
18031;Job;31;mp3;
18032;Job;32;mp3;
18033;Job;33;mp3;
18034;Job;34;mp3;
18035;Job;35;mp3;
18036;Job;36;mp3;
18037;Job;37;mp3;
18038;Job;38;mp3;
18039;Job;39;mp3;
18040;Job;40;mp3;
18041;Job;41;mp3;
18042;Job;42;mp3;
19001;Salmos;1;mp3;
19002;Salmos;2;mp3;
19003;Salmos;3;mp3;
19004;Salmos;4;mp3;
19005;Salmos;5;mp3;
19006;Salmos;6;mp3;
19007;Salmos;7;mp3;
19008;Salmos;8;mp3;
19009;Salmos;9;mp3;
19010;Salmos;10;mp3;
19011;Salmos;11;mp3;
19012;Salmos;12;mp3;
19013;Salmos;13;mp3;
19014;Salmos;14;mp3;
19015;Salmos;15;mp3;
19016;Salmos;16;mp3;
19017;Salmos;17;mp3;
19018;Salmos;18;mp3;
19019;Salmos;19;mp3;
19020;Salmos;20;mp3;
19021;Salmos;21;mp3;
19022;Salmos;22;mp3;
19023;Salmos;23;mp3;
19024;Salmos;24;mp3;
19025;Salmos;25;mp3;
19026;Salmos;26;mp3;
19027;Salmos;27;mp3;
19028;Salmos;28;mp3;
19029;Salmos;29;mp3;
19030;Salmos;30;mp3;
19031;Salmos;31;mp3;
19032;Salmos;32;mp3;
19033;Salmos;33;mp3;
19034;Salmos;34;mp3;
19035;Salmos;35;mp3;
19036;Salmos;36;mp3;
19037;Salmos;37;mp3;
19038;Salmos;38;mp3;
19039;Salmos;39;mp3;
19040;Salmos;40;mp3;
19041;Salmos;41;mp3;
19042;Salmos;42;mp3;
19043;Salmos;43;mp3;
19044;Salmos;44;mp3;
19045;Salmos;45;mp3;
19046;Salmos;46;mp3;
19047;Salmos;47;mp3;
19048;Salmos;48;mp3;
19049;Salmos;49;mp3;
19050;Salmos;50;mp3;
19051;Salmos;51;mp3;
19052;Salmos;52;mp3;
19053;Salmos;53;mp3;
19054;Salmos;54;mp3;
19055;Salmos;55;mp3;
19056;Salmos;56;mp3;
19057;Salmos;57;mp3;
19058;Salmos;58;mp3;
19059;Salmos;59;mp3;
19060;Salmos;60;mp3;
19061;Salmos;61;mp3;
19062;Salmos;62;mp3;
19063;Salmos;63;mp3;
19064;Salmos;64;mp3;
19065;Salmos;65;mp3;
19066;Salmos;66;mp3;
19067;Salmos;67;mp3;
19068;Salmos;68;mp3;
19069;Salmos;69;mp3;
19070;Salmos;70;mp3;
19071;Salmos;71;mp3;
19072;Salmos;72;mp3;
19073;Salmos;73;mp3;
19074;Salmos;74;mp3;
19075;Salmos;75;mp3;
19076;Salmos;76;mp3;
19077;Salmos;77;mp3;
19078;Salmos;78;mp3;
19079;Salmos;79;mp3;
19080;Salmos;80;mp3;
19081;Salmos;81;mp3;
19082;Salmos;82;mp3;
19083;Salmos;83;mp3;
19084;Salmos;84;mp3;
19085;Salmos;85;mp3;
19086;Salmos;86;mp3;
19087;Salmos;87;mp3;
19088;Salmos;88;mp3;
19089;Salmos;89;mp3;
19090;Salmos;90;mp3;
19091;Salmos;91;mp3;
19092;Salmos;92;mp3;
19093;Salmos;93;mp3;
19094;Salmos;94;mp3;
19095;Salmos;95;mp3;
19096;Salmos;96;mp3;
19097;Salmos;97;mp3;
19098;Salmos;98;mp3;
19099;Salmos;99;mp3;
19100;Salmos;100;mp3;
19101;Salmos;101;mp3;
19102;Salmos;102;mp3;
19103;Salmos;103;mp3;
19104;Salmos;104;mp3;
19105;Salmos;105;mp3;
19106;Salmos;106;mp3;
19107;Salmos;107;mp3;
19108;Salmos;108;mp3;
19109;Salmos;109;mp3;
19110;Salmos;110;mp3;
19111;Salmos;111;mp3;
19112;Salmos;112;mp3;
19113;Salmos;113;mp3;
19114;Salmos;114;mp3;
19115;Salmos;115;mp3;
19116;Salmos;116;mp3;
19117;Salmos;117;mp3;
19118;Salmos;118;mp3;
19119;Salmos;119;mp3;
19120;Salmos;120;mp3;
19121;Salmos;121;mp3;
19122;Salmos;122;mp3;
19123;Salmos;123;mp3;
19124;Salmos;124;mp3;
19125;Salmos;125;mp3;
19126;Salmos;126;mp3;
19127;Salmos;127;mp3;
19128;Salmos;128;mp3;
19129;Salmos;129;mp3;
19130;Salmos;130;mp3;
19131;Salmos;131;mp3;
19132;Salmos;132;mp3;
19133;Salmos;133;mp3;
19134;Salmos;134;mp3;
19135;Salmos;135;mp3;
19136;Salmos;136;mp3;
19137;Salmos;137;mp3;
19138;Salmos;138;mp3;
19139;Salmos;139;mp3;
19140;Salmos;140;mp3;
19141;Salmos;141;mp3;
19142;Salmos;142;mp3;
19143;Salmos;143;mp3;
19144;Salmos;144;mp3;
19145;Salmos;145;mp3;
19146;Salmos;146;mp3;
19147;Salmos;147;mp3;
19148;Salmos;148;mp3;
19149;Salmos;149;mp3;
19150;Salmos;150;mp3;
20001;Proverbios;1;mp3;
20002;Proverbios;2;mp3;
20003;Proverbios;3;mp3;
20004;Proverbios;4;mp3;
20005;Proverbios;5;mp3;
20006;Proverbios;6;mp3;
20007;Proverbios;7;mp3;
20008;Proverbios;8;mp3;
20009;Proverbios;9;mp3;
20010;Proverbios;10;mp3;
20011;Proverbios;11;mp3;
20012;Proverbios;12;mp3;
20013;Proverbios;13;mp3;
20014;Proverbios;14;mp3;
20015;Proverbios;15;mp3;
20016;Proverbios;16;mp3;
20017;Proverbios;17;mp3;
20018;Proverbios;18;mp3;
20019;Proverbios;19;mp3;
20020;Proverbios;20;mp3;
20021;Proverbios;21;mp3;
20022;Proverbios;22;mp3;
20023;Proverbios;23;mp3;
20024;Proverbios;24;mp3;
20025;Proverbios;25;mp3;
20026;Proverbios;26;mp3;
20027;Proverbios;27;mp3;
20028;Proverbios;28;mp3;
20029;Proverbios;29;mp3;
20030;Proverbios;30;mp3;
20031;Proverbios;31;mp3;
21001;Eclesiastes;1;mp3;
21002;Eclesiastes;2;mp3;
21003;Eclesiastes;3;mp3;
21004;Eclesiastes;4;mp3;
21005;Eclesiastes;5;mp3;
21006;Eclesiastes;6;mp3;
21007;Eclesiastes;7;mp3;
21008;Eclesiastes;8;mp3;
21009;Eclesiastes;9;mp3;
21010;Eclesiastes;10;mp3;
21011;Eclesiastes;11;mp3;
21012;Eclesiastes;12;mp3;
22001;Cantares;1;mp3;
22002;Cantares;2;mp3;
22003;Cantares;3;mp3;
22004;Cantares;4;mp3;
22005;Cantares;5;mp3;
22006;Cantares;6;mp3;
22007;Cantares;7;mp3;
22008;Cantares;8;mp3;
23001;Isaias;1;mp3;
23002;Isaias;2;mp3;
23003;Isaias;3;mp3;
23004;Isaias;4;mp3;
23005;Isaias;5;mp3;
23006;Isaias;6;mp3;
23007;Isaias;7;mp3;
23008;Isaias;8;mp3;
23009;Isaias;9;mp3;
23010;Isaias;10;mp3;
23011;Isaias;11;mp3;
23012;Isaias;12;mp3;
23013;Isaias;13;mp3;
23014;Isaias;14;mp3;
23015;Isaias;15;mp3;
23016;Isaias;16;mp3;
23017;Isaias;17;mp3;
23018;Isaias;18;mp3;
23019;Isaias;19;mp3;
23020;Isaias;20;mp3;
23021;Isaias;21;mp3;
23022;Isaias;22;mp3;
23023;Isaias;23;mp3;
23024;Isaias;24;mp3;
23025;Isaias;25;mp3;
23026;Isaias;26;mp3;
23027;Isaias;27;mp3;
23028;Isaias;28;mp3;
23029;Isaias;29;mp3;
23030;Isaias;30;mp3;
23031;Isaias;31;mp3;
23032;Isaias;32;mp3;
23033;Isaias;33;mp3;
23034;Isaias;34;mp3;
23035;Isaias;35;mp3;
23036;Isaias;36;mp3;
23037;Isaias;37;mp3;
23038;Isaias;38;mp3;
23039;Isaias;39;mp3;
23040;Isaias;40;mp3;
23041;Isaias;41;mp3;
23042;Isaias;42;mp3;
23043;Isaias;43;mp3;
23044;Isaias;44;mp3;
23045;Isaias;45;mp3;
23046;Isaias;46;mp3;
23047;Isaias;47;mp3;
23048;Isaias;48;mp3;
23049;Isaias;49;mp3;
23050;Isaias;50;mp3;
23051;Isaias;51;mp3;
23052;Isaias;52;mp3;
23053;Isaias;53;mp3;
23054;Isaias;54;mp3;
23055;Isaias;55;mp3;
23056;Isaias;56;mp3;
23057;Isaias;57;mp3;
23058;Isaias;58;mp3;
23059;Isaias;59;mp3;
23060;Isaias;60;mp3;
23061;Isaias;61;mp3;
23062;Isaias;62;mp3;
23063;Isaias;63;mp3;
23064;Isaias;64;mp3;
23065;Isaias;65;mp3;
23066;Isaias;66;mp3;
24001;Jeremias;1;mp3;
24002;Jeremias;2;mp3;
24003;Jeremias;3;mp3;
24004;Jeremias;4;mp3;
24005;Jeremias;5;mp3;
24006;Jeremias;6;mp3;
24007;Jeremias;7;mp3;
24008;Jeremias;8;mp3;
24009;Jeremias;9;mp3;
24010;Jeremias;10;mp3;
24011;Jeremias;11;mp3;
24012;Jeremias;12;mp3;
24013;Jeremias;13;mp3;
24014;Jeremias;14;mp3;
24015;Jeremias;15;mp3;
24016;Jeremias;16;mp3;
24017;Jeremias;17;mp3;
24018;Jeremias;18;mp3;
24019;Jeremias;19;mp3;
24020;Jeremias;20;mp3;
24021;Jeremias;21;mp3;
24022;Jeremias;22;mp3;
24023;Jeremias;23;mp3;
24024;Jeremias;24;mp3;
24025;Jeremias;25;mp3;
24026;Jeremias;26;mp3;
24027;Jeremias;27;mp3;
24028;Jeremias;28;mp3;
24029;Jeremias;29;mp3;
24030;Jeremias;30;mp3;
24031;Jeremias;31;mp3;
24032;Jeremias;32;mp3;
24033;Jeremias;33;mp3;
24034;Jeremias;34;mp3;
24035;Jeremias;35;mp3;
24036;Jeremias;36;mp3;
24037;Jeremias;37;mp3;
24038;Jeremias;38;mp3;
24039;Jeremias;39;mp3;
24040;Jeremias;40;mp3;
24041;Jeremias;41;mp3;
24042;Jeremias;42;mp3;
24043;Jeremias;43;mp3;
24044;Jeremias;44;mp3;
24045;Jeremias;45;mp3;
24046;Jeremias;46;mp3;
24047;Jeremias;47;mp3;
24048;Jeremias;48;mp3;
24049;Jeremias;49;mp3;
24050;Jeremias;50;mp3;
24051;Jeremias;51;mp3;
24052;Jeremias;52;mp3;
25001;Lamentaciones;1;mp3;
25002;Lamentaciones;2;mp3;
25003;Lamentaciones;3;mp3;
25004;Lamentaciones;4;mp3;
25005;Lamentaciones;5;mp3;
26001;Ezequiel;1;mp3;
26002;Ezequiel;2;mp3;
26003;Ezequiel;3;mp3;
26004;Ezequiel;4;mp3;
26005;Ezequiel;5;mp3;
26006;Ezequiel;6;mp3;
26007;Ezequiel;7;mp3;
26008;Ezequiel;8;mp3;
26009;Ezequiel;9;mp3;
26010;Ezequiel;10;mp3;
26011;Ezequiel;11;mp3;
26012;Ezequiel;12;mp3;
26013;Ezequiel;13;mp3;
26014;Ezequiel;14;mp3;
26015;Ezequiel;15;mp3;
26016;Ezequiel;16;mp3;
26017;Ezequiel;17;mp3;
26018;Ezequiel;18;mp3;
26019;Ezequiel;19;mp3;
26020;Ezequiel;20;mp3;
26021;Ezequiel;21;mp3;
26022;Ezequiel;22;mp3;
26023;Ezequiel;23;mp3;
26024;Ezequiel;24;mp3;
26025;Ezequiel;25;mp3;
26026;Ezequiel;26;mp3;
26027;Ezequiel;27;mp3;
26028;Ezequiel;28;mp3;
26029;Ezequiel;29;mp3;
26030;Ezequiel;30;mp3;
26031;Ezequiel;31;mp3;
26032;Ezequiel;32;mp3;
26033;Ezequiel;33;mp3;
26034;Ezequiel;34;mp3;
26035;Ezequiel;35;mp3;
26036;Ezequiel;36;mp3;
26037;Ezequiel;37;mp3;
26038;Ezequiel;38;mp3;
26039;Ezequiel;39;mp3;
26040;Ezequiel;40;mp3;
26041;Ezequiel;41;mp3;
26042;Ezequiel;42;mp3;
26043;Ezequiel;43;mp3;
26044;Ezequiel;44;mp3;
26045;Ezequiel;45;mp3;
26046;Ezequiel;46;mp3;
26047;Ezequiel;47;mp3;
26048;Ezequiel;48;mp3;
27001;Daniel;1;mp3;
27002;Daniel;2;mp3;
27003;Daniel;3;mp3;
27004;Daniel;4;mp3;
27005;Daniel;5;mp3;
27006;Daniel;6;mp3;
27007;Daniel;7;mp3;
27008;Daniel;8;mp3;
27009;Daniel;9;mp3;
27010;Daniel;10;mp3;
27011;Daniel;11;mp3;
27012;Daniel;12;mp3;
28001;Oseas;1;mp3;
28002;Oseas;2;mp3;
28003;Oseas;3;mp3;
28004;Oseas;4;mp3;
28005;Oseas;5;mp3;
28006;Oseas;6;mp3;
28007;Oseas;7;mp3;
28008;Oseas;8;mp3;
28009;Oseas;9;mp3;
28010;Oseas;10;mp3;
28011;Oseas;11;mp3;
28012;Oseas;12;mp3;
28013;Oseas;13;mp3;
28014;Oseas;14;mp3;
29001;Joel;1;mp3;
29002;Joel;2;mp3;
29003;Joel;3;mp3;
30001;Amos;1;mp3;
30002;Amos;2;mp3;
30003;Amos;3;mp3;
30004;Amos;4;mp3;
30005;Amos;5;mp3;
30006;Amos;6;mp3;
30007;Amos;7;mp3;
30008;Amos;8;mp3;
30009;Amos;9;mp3;
31001;Abdias;1;mp3;
32001;Jonas;1;mp3;
32002;Jonas;2;mp3;
32003;Jonas;3;mp3;
32004;Jonas;4;mp3;
33001;Miqueas;1;mp3;
33002;Miqueas;2;mp3;
33003;Miqueas;3;mp3;
33004;Miqueas;4;mp3;
33005;Miqueas;5;mp3;
33006;Miqueas;6;mp3;
33007;Miqueas;7;mp3;
34001;Nahum;1;mp3;
34002;Nahum;2;mp3;
34003;Nahum;3;mp3;
35001;Habacuc;1;mp3;
35002;Habacuc;2;mp3;
35003;Habacuc;3;mp3;
36001;Sofonias;1;mp3;
36002;Sofonias;2;mp3;
36003;Sofonias;3;mp3;
37001;Hageo;1;mp3;
37002;Hageo;2;mp3;
38001;Zacarias;1;mp3;
38002;Zacarias;2;mp3;
38003;Zacarias;3;mp3;
38004;Zacarias;4;mp3;
38005;Zacarias;5;mp3;
38006;Zacarias;6;mp3;
38007;Zacarias;7;mp3;
38008;Zacarias;8;mp3;
38009;Zacarias;9;mp3;
38010;Zacarias;10;mp3;
38011;Zacarias;11;mp3;
38012;Zacarias;12;mp3;
38013;Zacarias;13;mp3;
38014;Zacarias;14;mp3;
39001;Malaquias;1;mp3;
39002;Malaquias;2;mp3;
39003;Malaquias;3;mp3;
39003;Malaquias;4;mp3;
40001;San;Mateo;1;mp3
40002;San;Mateo;2;mp3
40003;San;Mateo;3;mp3
40004;San;Mateo;4;mp3
40005;San;Mateo;5;mp3
40006;San;Mateo;6;mp3
40007;San;Mateo;7;mp3
40008;San;Mateo;8;mp3
40009;San;Mateo;9;mp3
40010;San;Mateo;10;mp3
40011;San;Mateo;11;mp3
40012;San;Mateo;12;mp3
40013;San;Mateo;13;mp3
40014;San;Mateo;14;mp3
40015;San;Mateo;15;mp3
40016;San;Mateo;16;mp3
40017;San;Mateo;17;mp3
40018;San;Mateo;18;mp3
40019;San;Mateo;19;mp3
40020;San;Mateo;20;mp3
40021;San;Mateo;21;mp3
40022;San;Mateo;22;mp3
40023;San;Mateo;23;mp3
40024;San;Mateo;24;mp3
40025;San;Mateo;25;mp3
40026;San;Mateo;26;mp3
40027;San;Mateo;27;mp3
40028;San;Mateo;28;mp3
41001;San;Marcos;1;mp3
41002;San;Marcos;2;mp3
41003;San;Marcos;3;mp3
41004;San;Marcos;4;mp3
41005;San;Marcos;5;mp3
41006;San;Marcos;6;mp3
41007;San;Marcos;7;mp3
41008;San;Marcos;8;mp3
41009;San;Marcos;9;mp3
41010;San;Marcos;10;mp3
41011;San;Marcos;11;mp3
41012;San;Marcos;12;mp3
41013;San;Marcos;13;mp3
41014;San;Marcos;14;mp3
41015;San;Marcos;15;mp3
41016;San;Marcos;16;mp3
42001;San;Lucas;1;mp3
42002;San;Lucas;2;mp3
42003;San;Lucas;3;mp3
42004;San;Lucas;4;mp3
42005;San;Lucas;5;mp3
42006;San;Lucas;6;mp3
42007;San;Lucas;7;mp3
42008;San;Lucas;8;mp3
42009;San;Lucas;9;mp3
42010;San;Lucas;10;mp3
42011;San;Lucas;11;mp3
42012;San;Lucas;12;mp3
42013;San;Lucas;13;mp3
42014;San;Lucas;14;mp3
42015;San;Lucas;15;mp3
42016;San;Lucas;16;mp3
42017;San;Lucas;17;mp3
42018;San;Lucas;18;mp3
42019;San;Lucas;19;mp3
42020;San;Lucas;20;mp3
42021;San;Lucas;21;mp3
42022;San;Lucas;22;mp3
42023;San;Lucas;23;mp3
42024;San;Lucas;24;mp3
43001;San;Juan;1;mp3
43002;San;Juan;2;mp3
43003;San;Juan;3;mp3
43004;San;Juan;4;mp3
43005;San;Juan;5;mp3
43006;San;Juan;6;mp3
43007;San;Juan;7;mp3
43008;San;Juan;8;mp3
43009;San;Juan;9;mp3
43010;San;Juan;10;mp3
43011;San;Juan;11;mp3
43012;San;Juan;12;mp3
43013;San;Juan;13;mp3
43014;San;Juan;14;mp3
43015;San;Juan;15;mp3
43016;San;Juan;16;mp3
43017;San;Juan;17;mp3
43018;San;Juan;18;mp3
43019;San;Juan;19;mp3
43020;San;Juan;20;mp3
43021;San;Juan;21;mp3
44001;Hechos;1;mp3;
44002;Hechos;2;mp3;
44003;Hechos;3;mp3;
44004;Hechos;4;mp3;
44005;Hechos;5;mp3;
44006;Hechos;6;mp3;
44007;Hechos;7;mp3;
44008;Hechos;8;mp3;
44009;Hechos;9;mp3;
44010;Hechos;10;mp3;
44011;Hechos;11;mp3;
44012;Hechos;12;mp3;
44013;Hechos;13;mp3;
44014;Hechos;14;mp3;
44015;Hechos;15;mp3;
44016;Hechos;16;mp3;
44017;Hechos;17;mp3;
44018;Hechos;18;mp3;
44019;Hechos;19;mp3;
44020;Hechos;20;mp3;
44021;Hechos;21;mp3;
44022;Hechos;22;mp3;
44023;Hechos;23;mp3;
44024;Hechos;24;mp3;
44025;Hechos;25;mp3;
44026;Hechos;26;mp3;
44027;Hechos;27;mp3;
44028;Hechos;28;mp3;
45001;Romanos;1;mp3;
45002;Romanos;2;mp3;
45003;Romanos;3;mp3;
45004;Romanos;4;mp3;
45005;Romanos;5;mp3;
45006;Romanos;6;mp3;
45007;Romanos;7;mp3;
45008;Romanos;8;mp3;
45009;Romanos;9;mp3;
45010;Romanos;10;mp3;
45011;Romanos;11;mp3;
45012;Romanos;12;mp3;
45013;Romanos;13;mp3;
45014;Romanos;14;mp3;
45015;Romanos;15;mp3;
45016;Romanos;16;mp3;
46001;1;Corintios;1;mp3
46002;1;Corintios;2;mp3
46003;1;Corintios;3;mp3
46004;1;Corintios;4;mp3
46005;1;Corintios;5;mp3
46006;1;Corintios;6;mp3
46007;1;Corintios;7;mp3
46008;1;Corintios;8;mp3
46009;1;Corintios;9;mp3
46010;1;Corintios;10;mp3
46011;1;Corintios;11;mp3
46012;1;Corintios;12;mp3
46013;1;Corintios;13;mp3
46014;1;Corintios;14;mp3
46015;1;Corintios;15;mp3
46016;1;Corintios;16;mp3
47001;2;Corintios;1;mp3
47002;2;Corintios;2;mp3
47003;2;Corintios;3;mp3
47004;2;Corintios;4;mp3
47005;2;Corintios;5;mp3
47006;2;Corintios;6;mp3
47007;2;Corintios;7;mp3
47008;2;Corintios;8;mp3
47009;2;Corintios;9;mp3
47010;2;Corintios;10;mp3
47011;2;Corintios;11;mp3
47012;2;Corintios;12;mp3
47013;2;Corintios;13;mp3
48001;Galatas;1;mp3;
48002;Galatas;2;mp3;
48003;Galatas;3;mp3;
48004;Galatas;4;mp3;
48005;Galatas;5;mp3;
48006;Galatas;6;mp3;
49001;Efesios;1;mp3;
49002;Efesios;2;mp3;
49003;Efesios;3;mp3;
49004;Efesios;4;mp3;
49005;Efesios;5;mp3;
49006;Efesios;6;mp3;
50001;Filipenses;1;mp3;
50002;Filipenses;2;mp3;
50003;Filipenses;3;mp3;
50004;Filipenses;4;mp3;
51001;Colosenses;1;mp3;
51002;Colosenses;2;mp3;
51003;Colosenses;3;mp3;
51004;Colosenses;4;mp3;
52001;1;Tesalonicenses;1;mp3
52002;1;Tesalonicenses;2;mp3
52003;1;Tesalonicenses;3;mp3
52004;1;Tesalonicenses;4;mp3
52005;1;Tesalonicenses;5;mp3
53001;2;Tesalonicenses;1;mp3
53002;2;Tesalonicenses;2;mp3
53003;2;Tesalonicenses;3;mp3
54001;1;Timoteo;1;mp3
54002;1;Timoteo;2;mp3
54003;1;Timoteo;3;mp3
54004;1;Timoteo;4;mp3
54005;1;Timoteo;5;mp3
54006;1;Timoteo;6;mp3
55001;2;Timoteo;1;mp3
55002;2;Timoteo;2;mp3
55003;2;Timoteo;3;mp3
55004;2;Timoteo;4;mp3
56001;Tito;1;mp3;
56002;Tito;2;mp3;
56003;Tito;3;mp3;
57001;Filemon;1;mp3;
58001;Hebreos;1;mp3;
58002;Hebreos;2;mp3;
58003;Hebreos;3;mp3;
58004;Hebreos;4;mp3;
58005;Hebreos;5;mp3;
58006;Hebreos;6;mp3;
58007;Hebreos;7;mp3;
58008;Hebreos;8;mp3;
58009;Hebreos;9;mp3;
58010;Hebreos;10;mp3;
58011;Hebreos;11;mp3;
58012;Hebreos;12;mp3;
58013;Hebreos;13;mp3;
59001;Santiago;1;mp3;
59002;Santiago;2;mp3;
59003;Santiago;3;mp3;
59004;Santiago;4;mp3;
59005;Santiago;5;mp3;
60001;1;Pedro;1;mp3
60002;1;Pedro;2;mp3
60003;1;Pedro;3;mp3
60004;1;Pedro;4;mp3
60005;1;Pedro;5;mp3
61001;2;Pedro;1;mp3
61002;2;Pedro;2;mp3
61003;2;Pedro;3;mp3
62001;1;Juan;1;mp3
62002;1;Juan;2;mp3
62003;1;Juan;3;mp3
62004;1;Juan;4;mp3
62005;1;Juan;5;mp3
63001;2;Juan;1;mp3
64001;3;Juan;1;mp3
65001;Judas;1;mp3;
66001;Apocalipsis;1;mp3;
66002;Apocalipsis;2;mp3;
66003;Apocalipsis;3;mp3;
66004;Apocalipsis;4;mp3;
66005;Apocalipsis;5;mp3;
66006;Apocalipsis;6;mp3;
66007;Apocalipsis;7;mp3;
66008;Apocalipsis;8;mp3;
66009;Apocalipsis;9;mp3;
66010;Apocalipsis;10;mp3;
66011;Apocalipsis;11;mp3;
66012;Apocalipsis;12;mp3;
66013;Apocalipsis;13;mp3;
66014;Apocalipsis;14;mp3;
66015;Apocalipsis;15;mp3;
66016;Apocalipsis;16;mp3;
66017;Apocalipsis;17;mp3;
66018;Apocalipsis;18;mp3;
66019;Apocalipsis;19;mp3;
66020;Apocalipsis;20;mp3;
66021;Apocalipsis;21;mp3;
66022;Apocalipsis;22;mp3;
